[
  {
    "region": "apac",
    "service": "recommendations",
    "latency_ms": 229.9,
    "uptime_pct": 97.354,
    "timestamp": 20250301
  },
  {
    "region": "apac",
    "service": "support",
    "latency_ms": 183.12,
    "uptime_pct": 97.541,
    "timestamp": 20250302
  },
  {
    "region": "apac",
    "service": "checkout",
    "latency_ms": 204.27,
    "uptime_pct": 97.39,
    "timestamp": 20250303
  },
  {
    "region": "apac",
    "service": "payments",
    "latency_ms": 148.45,
    "uptime_pct": 98.7,
    "timestamp": 20250304
  },
  {
    "region": "apac",
    "service": "recommendations",
    "latency_ms": 168.02,
    "uptime_pct": 98.437,
    "timestamp": 20250305
  },
  {
    "region": "apac",
    "service": "analytics",
    "latency_ms": 136.11,
    "uptime_pct": 97.632,
    "timestamp": 20250306
  },
  {
    "region": "apac",
    "service": "payments",
    "latency_ms": 129.37,
    "uptime_pct": 98.004,
    "timestamp": 20250307
  },
  {
    "region": "apac",
    "service": "payments",
    "latency_ms": 165.02,
    "uptime_pct": 97.29,
    "timestamp": 20250308
  },
  {
    "region": "apac",
    "service": "analytics",
    "latency_ms": 230.04,
    "uptime_pct": 98.156,
    "timestamp": 20250309
  },
  {
    "region": "apac",
    "service": "payments",
    "latency_ms": 122.71,
    "uptime_pct": 99.491,
    "timestamp": 20250310
  },
  {
    "region": "apac",
    "service": "support",
    "latency_ms": 118.23,
    "uptime_pct": 99.223,
    "timestamp": 20250311
  },
  {
    "region": "apac",
    "service": "recommendations",
    "latency_ms": 198.17,
    "uptime_pct": 97.35,
    "timestamp": 20250312
  },
  {
    "region": "emea",
    "service": "support",
    "latency_ms": 112.26,
    "uptime_pct": 98.507,
    "timestamp": 20250301
  },
  {
    "region": "emea",
    "service": "catalog",
    "latency_ms": 151.62,
    "uptime_pct": 98.87,
    "timestamp": 20250302
  },
  {
    "region": "emea",
    "service": "analytics",
    "latency_ms": 139.04,
    "uptime_pct": 98.468,
    "timestamp": 20250303
  },
  {
    "region": "emea",
    "service": "catalog",
    "latency_ms": 157.72,
    "uptime_pct": 98.389,
    "timestamp": 20250304
  },
  {
    "region": "emea",
    "service": "checkout",
    "latency_ms": 224.9,
    "uptime_pct": 97.95,
    "timestamp": 20250305
  },
  {
    "region": "emea",
    "service": "payments",
    "latency_ms": 121.71,
    "uptime_pct": 98.131,
    "timestamp": 20250306
  },
  {
    "region": "emea",
    "service": "catalog",
    "latency_ms": 156.52,
    "uptime_pct": 98.071,
    "timestamp": 20250307
  },
  {
    "region": "emea",
    "service": "support",
    "latency_ms": 235.01,
    "uptime_pct": 97.29,
    "timestamp": 20250308
  },
  {
    "region": "emea",
    "service": "analytics",
    "latency_ms": 132.68,
    "uptime_pct": 98.219,
    "timestamp": 20250309
  },
  {
    "region": "emea",
    "service": "analytics",
    "latency_ms": 181.27,
    "uptime_pct": 97.107,
    "timestamp": 20250310
  },
  {
    "region": "emea",
    "service": "catalog",
    "latency_ms": 173.28,
    "uptime_pct": 98.278,
    "timestamp": 20250311
  },
  {
    "region": "emea",
    "service": "checkout",
    "latency_ms": 139.71,
    "uptime_pct": 97.654,
    "timestamp": 20250312
  },
  {
    "region": "amer",
    "service": "payments",
    "latency_ms": 186.32,
    "uptime_pct": 97.87,
    "timestamp": 20250301
  },
  {
    "region": "amer",
    "service": "analytics",
    "latency_ms": 157.7,
    "uptime_pct": 98.116,
    "timestamp": 20250302
  },
  {
    "region": "amer",
    "service": "analytics",
    "latency_ms": 197.67,
    "uptime_pct": 99.42,
    "timestamp": 20250303
  },
  {
    "region": "amer",
    "service": "catalog",
    "latency_ms": 216.9,
    "uptime_pct": 99.266,
    "timestamp": 20250304
  },
  {
    "region": "amer",
    "service": "analytics",
    "latency_ms": 184.58,
    "uptime_pct": 97.249,
    "timestamp": 20250305
  },
  {
    "region": "amer",
    "service": "recommendations",
    "latency_ms": 120.96,
    "uptime_pct": 99.165,
    "timestamp": 20250306
  },
  {
    "region": "amer",
    "service": "checkout",
    "latency_ms": 172.29,
    "uptime_pct": 99.367,
    "timestamp": 20250307
  },
  {
    "region": "amer",
    "service": "support",
    "latency_ms": 148.03,
    "uptime_pct": 99.405,
    "timestamp": 20250308
  },
  {
    "region": "amer",
    "service": "support",
    "latency_ms": 148.31,
    "uptime_pct": 97.44,
    "timestamp": 20250309
  },
  {
    "region": "amer",
    "service": "catalog",
    "latency_ms": 172.79,
    "uptime_pct": 97.563,
    "timestamp": 20250310
  },
  {
    "region": "amer",
    "service": "analytics",
    "latency_ms": 109.17,
    "uptime_pct": 99.489,
    "timestamp": 20250311
  },
  {
    "region": "amer",
    "service": "recommendations",
    "latency_ms": 130.34,
    "uptime_pct": 97.615,
    "timestamp": 20250312
  }
]